0,None,NONE,FALSE,FALSE,FALSE,FALSE,All,FALSE
1.2.840.10008.1.2,Implicit VR Little Endian,ImplicitVRLittleEndian,TRUE,FALSE,FALSE,FALSE,All,FALSE
1.2.840.10008.1.2.1,Explicit VR Little Endian,ExplicitVRLittleEndian,TRUE,TRUE,FALSE,FALSE,All,FALSE
1.2.840.10008.1.2.2,Explicit VR Big Endian,ExplicitVRBigEndian,FALSE,TRUE,FALSE,FALSE,All,TRUE
1.2.840.10008.1.2.1.98,Encapsulated Uncompressed Explicit VR Little Endian,EncapsulatedUncompressedExplicitVRLittleEndian,TRUE,TRUE,FALSE,FALSE,All,FALSE
1.2.840.10008.1.2.1.99,Deflated Explicit VR Little Endian,DeflatedExplicitVRLittleEndian,TRUE,TRUE,TRUE,FALSE,ALL,FALSE
1.2.840.10008.1.2.4.50,JPEG Baseline (Process 1) (Lossy JPEG 8-bit Image Compression),JPEGBaseline8Bit,TRUE,TRUE,TRUE,TRUE,SingleFrame,FALSE
1.2.840.10008.1.2.4.51,JPEG Extended (Process 2 & 4) (Lossy JPEG 12-bit Image Compression),JPEGExtended12Bit,TRUE,TRUE,TRUE,TRUE,SingleFrame,FALSE
1.2.840.10008.1.2.4.52,JPEG Extended (Process 3 & 5),JPEGExtended35,TRUE,TRUE,TRUE,TRUE,SingleFrame,TRUE
1.2.840.10008.1.2.4.53,JPEG Spectral Selection Non-Hierarchical (Process 6 and 8),JPEGSpectralSelectionNonHierarchical68,TRUE,TRUE,TRUE,TRUE,SingleFrame,TRUE
1.2.840.10008.1.2.4.54,JPEG Spectral Selection Non-Hierarchical (Process 7 and 9),JPEGSpectralSelectionNonHierarchical79,TRUE,TRUE,TRUE,TRUE,SingleFrame,TRUE
1.2.840.10008.1.2.4.55,JPEG Full Progression Non-Hierarchical (Process 10 and 12),JPEGFullProgressionNonHierarchical1012,TRUE,TRUE,TRUE,TRUE,SingleFrame,TRUE
1.2.840.10008.1.2.4.56,JPEG Full Progression Non-Hierarchical (Process 11 and 13),JPEGFullProgressionNonHierarchical1113,TRUE,TRUE,TRUE,TRUE,SingleFrame,TRUE
1.2.840.10008.1.2.4.57,JPEG Lossless (Non-hierarchical),JPEGLossless,TRUE,TRUE,TRUE,FALSE,SingleFrame,FALSE
1.2.840.10008.1.2.4.58,JPEG Lossless Non-hierarchical (Processes 15),JPEGLosslessNonHierarchical15,TRUE,TRUE,TRUE,FALSE,SingleFrame,TRUE
1.2.840.10008.1.2.4.59,JPEG Extended Hierarchical (Processes 16 and 18),JPEGExtendedHierarchical1618,TRUE,TRUE,TRUE,TRUE,SingleFrame,TRUE
1.2.840.10008.1.2.4.60,JPEG Extended Hierarchical (Processes 17 and 19),JPEGExtendedHierarchical1719,TRUE,TRUE,TRUE,TRUE,SingleFrame,TRUE
1.2.840.10008.1.2.4.61,JPEG Spectral Selection Hierarchical (Processes 20 and 22),JPEGSpectralSelectionHierarchical2022,TRUE,TRUE,TRUE,TRUE,SingleFrame,TRUE
1.2.840.10008.1.2.4.62,JPEG Spectral Selection Hierarchical (Processes 21 and 23),JPEGSpectralSelectionHierarchical2123,TRUE,TRUE,TRUE,TRUE,SingleFrame,TRUE
1.2.840.10008.1.2.4.63,JPEG Full Progression Hierarchical (Processes 24 and 26),JPEGFullProgressionHierarchical2426,TRUE,TRUE,TRUE,TRUE,SingleFrame,TRUE
1.2.840.10008.1.2.4.64,JPEG Full Progression Hierarchical (Processes 25 and 27),JPEGFullProgressionHierarchical2527,TRUE,TRUE,TRUE,TRUE,SingleFrame,TRUE
1.2.840.10008.1.2.4.65,JPEG Lossless Hierarchical (Processes 28),JPEGLosslessHierarchical28,TRUE,TRUE,TRUE,FALSE,SingleFrame,TRUE
1.2.840.10008.1.2.4.66,JPEG Lossless Hierarchical (Processes 29),JPEGLosslessHierarchical29,TRUE,TRUE,TRUE,FALSE,SingleFrame,TRUE
1.2.840.10008.1.2.4.70,JPEG Lossless (Non-hierarchical) First Order Predication,JPEGLosslessSV1,TRUE,TRUE,TRUE,FALSE,SingleFrame,FALSE
1.2.840.10008.1.2.4.80,JPEG-LS Lossless Image Compression,JPEGLSLossless,TRUE,TRUE,TRUE,FALSE,SingleFrame,FALSE
1.2.840.10008.1.2.4.81,JPEG-LS Lossy (Near-Lossless) Image Compression,JPEGLSNearLossless,TRUE,TRUE,TRUE,TRUE,SingleFrame,FALSE
1.2.840.10008.1.2.4.90,JPEG 2000 Image Compression (Lossless Only),JPEG2000Lossless,TRUE,TRUE,TRUE,FALSE,SingleFrame,FALSE
1.2.840.10008.1.2.4.91,JPEG 2000 Image Compression,JPEG2000,TRUE,TRUE,TRUE,TRUE,SingleFrame,FALSE
1.2.840.10008.1.2.4.92,JPEG 2000 Part 2 Multi-component Image Compression (Lossless Only),JPEG2000MCLossless,TRUE,TRUE,TRUE,FALSE,SingleAndMultiFrame,FALSE
1.2.840.10008.1.2.4.93,JPEG 2000 Part 2 Multi-component Image Compression,JPEG2000MC,TRUE,TRUE,TRUE,TRUE,SingleAndMultiFrame,FALSE
1.2.840.10008.1.2.4.94,JPIP Referenced,JPIPReferenced,TRUE,TRUE,FALSE,FALSE,SingleFrame,FALSE
1.2.840.10008.1.2.4.95,JJPIP Referenced Deflate,JPIPReferencedDeflate,TRUE,TRUE,TRUE,TRUE,SingleFrame,FALSE
1.2.840.10008.1.2.4.100,MPEG2 Main Profile and Level,MPEG2MPML,TRUE,TRUE,TRUE,TRUE,Video,FALSE
1.2.840.10008.1.2.4.100.1,Fragmentable MPEG2 Main Profile and Level,MPEG2MPMLF,TRUE,TRUE,TRUE,TRUE,Video,FALSE
1.2.840.10008.1.2.4.101,MPEG2 Main Profile and High Level,MPEG2MPHL,TRUE,TRUE,TRUE,TRUE,Video,FALSE
1.2.840.10008.1.2.4.101.1,Fragmentable MPEG2 Main Profile and High Level,MPEG2MPHLF,TRUE,TRUE,TRUE,TRUE,Video,FALSE
1.2.840.10008.1.2.4.102,MPEG-4 AVC H.264 High Profile Level 4.1,MPEG4HP41,TRUE,TRUE,TRUE,FALSE,Video,FALSE
1.2.840.10008.1.2.4.102.1,Fragmentable MPEG-4 AVC H.264 High Profile Level 4.1,MPEG4HP41F,TRUE,TRUE,TRUE,FALSE,Video,FALSE
1.2.840.10008.1.2.4.103,MPEG-4 AVC H.264 BD-compatible High Profile Level 4.1,MPEG4HP41BD,TRUE,TRUE,TRUE,FALSE,Video,FALSE
1.2.840.10008.1.2.4.103.1,Fragmentable MPEG-4 AVC H.264 BD-compatible High Profile Level 4.1,MPEG4HP41BDF,TRUE,TRUE,TRUE,FALSE,Video,FALSE
1.2.840.10008.1.2.4.104,MPEG-4 AVC H.264 High Profile Level 4.2 For 2D Video,MPEG4HP422D,TRUE,TRUE,TRUE,FALSE,Video,FALSE
1.2.840.10008.1.2.4.104.1,Fragmentable MPEG-4 AVC H.264 High Profile Level 4.2 For 2D Video,MPEG4HP422DF,TRUE,TRUE,TRUE,FALSE,Video,FALSE
1.2.840.10008.1.2.4.105,MPEG-4 AVC H.264 High Profile Level 4.2 For 3D Video,MPEG4HP423D,TRUE,TRUE,TRUE,FALSE,Video,FALSE
1.2.840.10008.1.2.4.105.1,Fragmentable MPEG-4 AVC H.264 High Profile Level 4.2 For 3D Video,MPEG4HP423DF,TRUE,TRUE,TRUE,FALSE,Video,FALSE
1.2.840.10008.1.2.4.106,MPEG-4 AVC H.264 Stereo High Profile Level 4.2,MPEG4HP42STEREO,TRUE,TRUE,TRUE,FALSE,Video,FALSE
1.2.840.10008.1.2.4.106.1,Fragmentable MPEG-4 AVC H.264 Stereo High Profile Level 4.2,MPEG4HP42STEREOF,TRUE,TRUE,TRUE,FALSE,Video,FALSE
1.2.840.10008.1.2.4.107,HEVC H.265 Main Profile Level 5.1,HEVCMP51,TRUE,TRUE,TRUE,FALSE,Video,FALSE
1.2.840.10008.1.2.4.108,HEVC H.265 Main 10 Profile Level 5.1,HEVCM10P51,TRUE,TRUE,TRUE,FALSE,Video,FALSE
1.2.840.10008.1.2.5,RLE Lossless,RLELossless,TRUE,TRUE,TRUE,FALSE,SingleFrame,FALSE
1.2.840.10008.1.2.6.1,RFC 2557 MIME encapsulation,RFC2557MIMEEncapsulation,TRUE,TRUE,FALSE,FALSE,Other,TRUE
1.2.840.10008.1.2.6.2,XML Encoding,XMLEncoding,TRUE,TRUE,FALSE,FALSE,XML,TRUE
1.2.840.10008.1.2.7.1,SMPTE ST 2110-20 Uncompressed Progressive Active Video,SMPTEST211020UncompressedProgressiveActiveVideo,TRUE,TRUE,FALSE,FALSE,Video,FALSE
1.2.840.10008.1.2.7.2,SMPTE ST 2110-20 Uncompressed Interlaced Active Video,SMPTEST211020UncompressedInterlacedActiveVideo,TRUE,TRUE,FALSE,FALSE,Video,FALSE
1.2.840.10008.1.2.7.3,SMPTE ST 2110-30 PCM Digital Audio,SMPTEST211030PCMDigitalAudio,TRUE,TRUE,FALSE,FALSE,Audio,FALSE
1.2.840.10008.1.20,Papyrus 3 Implicit VR Little Endian,Papyrus3ImplicitVRLittleEndian,TRUE,TRUE,FALSE,FALSE,Other,TRUE
1.2.840.113619.5.2,GE Implicit VR Little Endian Except Big Endian Pixels,GEImplicitVRLittleEndianExceptBigEndianPixels,TRUE,FALSE,FALSE,FALSE,Other,FALSE
1.3.6.1.4.1.5962.300.1,PixelMed Bzip2 Explicit VR Little Endian,PixelMedBzip2ExplicitVRLittleEndian,TRUE,TRUE,FALSE,FALSE,Other,FALSE
1.3.6.1.4.1.5962.300.2,PixelMed Encapsulated Raw Little Endian,PixelMedEncapsulatedRawLittleEndian,TRUE,TRUE,FALSE,FALSE,Other,FALSE
1.2.840.113704.7.0.4.4,Algotec Compressed,AlgotecCompressed,TRUE,TRUE,TRUE,FALSE,Other,FALSE
1.2.840.113711.1.2.100.1,ALI Wavelet,ALIWavelet,TRUE,TRUE,FALSE,FALSE,Other,FALSE
